,minx,miny,width,length
0,71.16803279030137,131.096311500296,51.209016389911994,49.05737699940801
1,124.0983606595546,138.84221309795976,43.893442620756105,40.88114760350436
2,69.44672130979598,88.92418030183762,77.459016389912,53.79098359961063
3,92.68442622967996,27.81762289814651,65.40983607061207,81.33196730166674
4,153.790983610088,54.49795079883188,46.90573769970797,83.48360660020262
5,0.59426230029203,94.94877050165087,71.00409835926257,77.028688499704
6,2.315573770320043,20.07172130048275,84.34426229912788,92.520491797477
7,0.0,0.0,54.22131147002801,61.536885201931
8,56.96721310960129,0.0,95.9631147608161,66.270491797477
