,f1-score,precision,recall,support
ACSA2,0.9090909090909091,0.9090909090909091,0.9090909090909091,11.0
PIPA,0.8333333333333334,0.8333333333333334,0.8333333333333334,6.0
QULA,0.0,0.0,0.0,9.0
QULA ,0.0,0.0,0.0,0.0
macro F1,0.4356060606060606,0.4356060606060606,0.4356060606060606,26.0
micro avg,0.5769230769230769,0.5769230769230769,0.5769230769230769,26.0
micro F1,0.5769230769230769,0.5769230769230769,0.5769230769230769,26.0
